match_id,matchday,match_date,home_team_name,away_team_name,home_score,away_score,winner,total_goals
537785,1,2025-08-15 19:00:00+00:00,Liverpool FC,AFC Bournemouth,4,2,HOME_TEAM,6
537786,1,2025-08-16 11:30:00+00:00,Aston Villa FC,Newcastle United FC,0,0,DRAW,0
537787,1,2025-08-16 14:00:00+00:00,Brighton & Hove Albion FC,Fulham FC,1,1,DRAW,2
537789,1,2025-08-16 14:00:00+00:00,Sunderland AFC,West Ham United FC,3,0,HOME_TEAM,3
537790,1,2025-08-16 14:00:00+00:00,Tottenham Hotspur FC,Burnley FC,3,0,HOME_TEAM,3
537791,1,2025-08-16 16:30:00+00:00,Wolverhampton Wanderers FC,Manchester City FC,0,4,AWAY_TEAM,4
537788,1,2025-08-17 13:00:00+00:00,Nottingham Forest FC,Brentford FC,3,1,HOME_TEAM,4
537792,1,2025-08-17 13:00:00+00:00,Chelsea FC,Crystal Palace FC,0,0,DRAW,0
537793,1,2025-08-17 15:30:00+00:00,Manchester United FC,Arsenal FC,0,1,AWAY_TEAM,1
537794,1,2025-08-18 19:00:00+00:00,Leeds United FC,Everton FC,1,0,HOME_TEAM,1
537804,2,2025-08-22 19:00:00+00:00,West Ham United FC,Chelsea FC,1,5,AWAY_TEAM,6
537802,2,2025-08-23 11:30:00+00:00,Manchester City FC,Tottenham Hotspur FC,0,2,AWAY_TEAM,2
537795,2,2025-08-23 14:00:00+00:00,AFC Bournemouth,Wolverhampton Wanderers FC,1,0,HOME_TEAM,1
537798,2,2025-08-23 14:00:00+00:00,Brentford FC,Aston Villa FC,1,0,HOME_TEAM,1
537799,2,2025-08-23 14:00:00+00:00,Burnley FC,Sunderland AFC,2,0,HOME_TEAM,2
537797,2,2025-08-23 16:30:00+00:00,Arsenal FC,Leeds United FC,5,0,HOME_TEAM,5
537796,2,2025-08-24 13:00:00+00:00,Crystal Palace FC,Nottingham Forest FC,1,1,DRAW,2
537800,2,2025-08-24 13:00:00+00:00,Everton FC,Brighton & Hove Albion FC,2,0,HOME_TEAM,2
537801,2,2025-08-24 15:30:00+00:00,Fulham FC,Manchester United FC,1,1,DRAW,2
537803,2,2025-08-25 19:00:00+00:00,Newcastle United FC,Liverpool FC,2,3,AWAY_TEAM,5
537808,3,2025-08-30 11:30:00+00:00,Chelsea FC,Fulham FC,2,0,HOME_TEAM,2
537805,3,2025-08-30 14:00:00+00:00,Sunderland AFC,Brentford FC,2,1,HOME_TEAM,3
537811,3,2025-08-30 14:00:00+00:00,Manchester United FC,Burnley FC,3,2,HOME_TEAM,5
537813,3,2025-08-30 14:00:00+00:00,Tottenham Hotspur FC,AFC Bournemouth,0,1,AWAY_TEAM,1
537814,3,2025-08-30 14:00:00+00:00,Wolverhampton Wanderers FC,Everton FC,2,3,AWAY_TEAM,5
537810,3,2025-08-30 16:30:00+00:00,Leeds United FC,Newcastle United FC,0,0,DRAW,0
537807,3,2025-08-31 13:00:00+00:00,Brighton & Hove Albion FC,Manchester City FC,2,1,HOME_TEAM,3
537812,3,2025-08-31 13:00:00+00:00,Nottingham Forest FC,West Ham United FC,0,3,AWAY_TEAM,3
537809,3,2025-08-31 15:30:00+00:00,Liverpool FC,Arsenal FC,1,0,HOME_TEAM,1
537806,3,2025-08-31 18:00:00+00:00,Aston Villa FC,Crystal Palace FC,0,3,AWAY_TEAM,3
537817,4,2025-09-13 11:30:00+00:00,Arsenal FC,Nottingham Forest FC,3,0,HOME_TEAM,3
537815,4,2025-09-13 14:00:00+00:00,AFC Bournemouth,Brighton & Hove Albion FC,2,1,HOME_TEAM,3
537816,4,2025-09-13 14:00:00+00:00,Crystal Palace FC,Sunderland AFC,0,0,DRAW,0
537820,4,2025-09-13 14:00:00+00:00,Everton FC,Aston Villa FC,0,0,DRAW,0
537821,4,2025-09-13 14:00:00+00:00,Fulham FC,Leeds United FC,1,0,HOME_TEAM,1
537823,4,2025-09-13 14:00:00+00:00,Newcastle United FC,Wolverhampton Wanderers FC,1,0,HOME_TEAM,1
537824,4,2025-09-13 16:30:00+00:00,West Ham United FC,Tottenham Hotspur FC,0,3,AWAY_TEAM,3
537818,4,2025-09-13 19:00:00+00:00,Brentford FC,Chelsea FC,2,2,DRAW,4
537819,4,2025-09-14 13:00:00+00:00,Burnley FC,Liverpool FC,0,1,AWAY_TEAM,1
537822,4,2025-09-14 15:30:00+00:00,Manchester City FC,Manchester United FC,3,0,HOME_TEAM,3
537831,5,2025-09-20 11:30:00+00:00,Liverpool FC,Everton FC,2,1,HOME_TEAM,3
537827,5,2025-09-20 14:00:00+00:00,Brighton & Hove Albion FC,Tottenham Hotspur FC,2,2,DRAW,4
537829,5,2025-09-20 14:00:00+00:00,Burnley FC,Nottingham Forest FC,1,1,DRAW,2
537833,5,2025-09-20 14:00:00+00:00,West Ham United FC,Crystal Palace FC,1,2,AWAY_TEAM,3
537834,5,2025-09-20 14:00:00+00:00,Wolverhampton Wanderers FC,Leeds United FC,1,3,AWAY_TEAM,4
537832,5,2025-09-20 16:30:00+00:00,Manchester United FC,Chelsea FC,2,1,HOME_TEAM,3
537830,5,2025-09-20 19:00:00+00:00,Fulham FC,Brentford FC,3,1,HOME_TEAM,4
537825,5,2025-09-21 13:00:00+00:00,AFC Bournemouth,Newcastle United FC,0,0,DRAW,0
537826,5,2025-09-21 13:00:00+00:00,Sunderland AFC,Aston Villa FC,1,1,DRAW,2
537828,5,2025-09-21 15:30:00+00:00,Arsenal FC,Manchester City FC,1,1,DRAW,2
537837,6,2025-09-27 11:30:00+00:00,Brentford FC,Manchester United FC,3,1,HOME_TEAM,4
537836,6,2025-09-27 14:00:00+00:00,Crystal Palace FC,Liverpool FC,2,1,HOME_TEAM,3
537838,6,2025-09-27 14:00:00+00:00,Chelsea FC,Brighton & Hove Albion FC,1,3,AWAY_TEAM,4
537840,6,2025-09-27 14:00:00+00:00,Leeds United FC,AFC Bournemouth,2,2,DRAW,4
537841,6,2025-09-27 14:00:00+00:00,Manchester City FC,Burnley FC,5,1,HOME_TEAM,6
537843,6,2025-09-27 16:30:00+00:00,Nottingham Forest FC,Sunderland AFC,0,1,AWAY_TEAM,1
537844,6,2025-09-27 19:00:00+00:00,Tottenham Hotspur FC,Wolverhampton Wanderers FC,1,1,DRAW,2
537835,6,2025-09-28 13:00:00+00:00,Aston Villa FC,Fulham FC,3,1,HOME_TEAM,4
537842,6,2025-09-28 15:30:00+00:00,Newcastle United FC,Arsenal FC,1,2,AWAY_TEAM,3
537839,6,2025-09-29 19:00:00+00:00,Everton FC,West Ham United FC,1,1,DRAW,2
537845,7,2025-10-03 19:00:00+00:00,AFC Bournemouth,Fulham FC,3,1,HOME_TEAM,4
537851,7,2025-10-04 11:30:00+00:00,Leeds United FC,Tottenham Hotspur FC,1,2,AWAY_TEAM,3
537847,7,2025-10-04 14:00:00+00:00,Arsenal FC,West Ham United FC,2,0,HOME_TEAM,2
537852,7,2025-10-04 14:00:00+00:00,Manchester United FC,Sunderland AFC,2,0,HOME_TEAM,2
537849,7,2025-10-04 16:30:00+00:00,Chelsea FC,Liverpool FC,2,1,HOME_TEAM,3
537846,7,2025-10-05 13:00:00+00:00,Aston Villa FC,Burnley FC,2,1,HOME_TEAM,3
537850,7,2025-10-05 13:00:00+00:00,Everton FC,Crystal Palace FC,2,1,HOME_TEAM,3
537853,7,2025-10-05 13:00:00+00:00,Newcastle United FC,Nottingham Forest FC,2,0,HOME_TEAM,2
537854,7,2025-10-05 13:00:00+00:00,Wolverhampton Wanderers FC,Brighton & Hove Albion FC,1,1,DRAW,2
537848,7,2025-10-05 15:30:00+00:00,Brentford FC,Manchester City FC,0,1,AWAY_TEAM,1
537862,8,2025-10-18 11:30:00+00:00,Nottingham Forest FC,Chelsea FC,0,3,AWAY_TEAM,3
537856,8,2025-10-18 14:00:00+00:00,Brighton & Hove Albion FC,Newcastle United FC,2,1,HOME_TEAM,3
537857,8,2025-10-18 14:00:00+00:00,Crystal Palace FC,AFC Bournemouth,3,3,DRAW,6
537858,8,2025-10-18 14:00:00+00:00,Burnley FC,Leeds United FC,2,0,HOME_TEAM,2
537861,8,2025-10-18 14:00:00+00:00,Manchester City FC,Everton FC,2,0,HOME_TEAM,2
537855,8,2025-10-18 14:00:00+00:00,Sunderland AFC,Wolverhampton Wanderers FC,2,0,HOME_TEAM,2
537859,8,2025-10-18 16:30:00+00:00,Fulham FC,Arsenal FC,0,1,AWAY_TEAM,1
537863,8,2025-10-19 13:00:00+00:00,Tottenham Hotspur FC,Aston Villa FC,1,2,AWAY_TEAM,3
537860,8,2025-10-19 15:30:00+00:00,Liverpool FC,Manchester United FC,1,2,AWAY_TEAM,3
537864,8,2025-10-20 19:00:00+00:00,West Ham United FC,Brentford FC,0,2,AWAY_TEAM,2
537871,9,2025-10-24 19:00:00+00:00,Leeds United FC,West Ham United FC,2,1,HOME_TEAM,3
537869,9,2025-10-25 14:00:00+00:00,Chelsea FC,Sunderland AFC,1,2,AWAY_TEAM,3
537873,9,2025-10-25 14:00:00+00:00,Newcastle United FC,Fulham FC,2,1,HOME_TEAM,3
537872,9,2025-10-25 16:30:00+00:00,Manchester United FC,Brighton & Hove Albion FC,4,2,HOME_TEAM,6
537868,9,2025-10-25 19:00:00+00:00,Brentford FC,Liverpool FC,3,2,HOME_TEAM,5
537865,9,2025-10-26 14:00:00+00:00,AFC Bournemouth,Nottingham Forest FC,2,0,HOME_TEAM,2
537866,9,2025-10-26 14:00:00+00:00,Aston Villa FC,Manchester City FC,1,0,HOME_TEAM,1
537867,9,2025-10-26 14:00:00+00:00,Arsenal FC,Crystal Palace FC,1,0,HOME_TEAM,1
537874,9,2025-10-26 14:00:00+00:00,Wolverhampton Wanderers FC,Burnley FC,2,3,AWAY_TEAM,5
537870,9,2025-10-26 16:30:00+00:00,Everton FC,Tottenham Hotspur FC,0,3,AWAY_TEAM,3
537876,10,2025-11-01 15:00:00+00:00,Brighton & Hove Albion FC,Leeds United FC,3,0,HOME_TEAM,3
537877,10,2025-11-01 15:00:00+00:00,Crystal Palace FC,Brentford FC,2,0,HOME_TEAM,2
537878,10,2025-11-01 15:00:00+00:00,Burnley FC,Arsenal FC,0,2,AWAY_TEAM,2
537879,10,2025-11-01 15:00:00+00:00,Fulham FC,Wolverhampton Wanderers FC,3,0,HOME_TEAM,3
537882,10,2025-11-01 15:00:00+00:00,Nottingham Forest FC,Manchester United FC,2,2,DRAW,4
537883,10,2025-11-01 17:30:00+00:00,Tottenham Hotspur FC,Chelsea FC,0,1,AWAY_TEAM,1
537880,10,2025-11-01 20:00:00+00:00,Liverpool FC,Aston Villa FC,2,0,HOME_TEAM,2
537884,10,2025-11-02 14:00:00+00:00,West Ham United FC,Newcastle United FC,3,1,HOME_TEAM,4
537881,10,2025-11-02 16:30:00+00:00,Manchester City FC,AFC Bournemouth,3,1,HOME_TEAM,4
537875,10,2025-11-03 20:00:00+00:00,Sunderland AFC,Everton FC,1,1,DRAW,2
537893,11,2025-11-08 12:30:00+00:00,Tottenham Hotspur FC,Manchester United FC,2,2,DRAW,4
537890,11,2025-11-08 15:00:00+00:00,Everton FC,Fulham FC,2,0,HOME_TEAM,2
537894,11,2025-11-08 15:00:00+00:00,West Ham United FC,Burnley FC,3,2,HOME_TEAM,5
537885,11,2025-11-08 17:30:00+00:00,Sunderland AFC,Arsenal FC,2,2,DRAW,4
537889,11,2025-11-08 20:00:00+00:00,Chelsea FC,Wolverhampton Wanderers FC,3,0,HOME_TEAM,3
537886,11,2025-11-09 14:00:00+00:00,Aston Villa FC,AFC Bournemouth,4,0,HOME_TEAM,4
537887,11,2025-11-09 14:00:00+00:00,Crystal Palace FC,Brighton & Hove Albion FC,0,0,DRAW,0
537888,11,2025-11-09 14:00:00+00:00,Brentford FC,Newcastle United FC,3,1,HOME_TEAM,4
537892,11,2025-11-09 14:00:00+00:00,Nottingham Forest FC,Leeds United FC,3,1,HOME_TEAM,4
537891,11,2025-11-09 16:30:00+00:00,Manchester City FC,Liverpool FC,3,0,HOME_TEAM,3
537898,12,2025-11-22 12:30:00+00:00,Burnley FC,Chelsea FC,0,2,AWAY_TEAM,2
537895,12,2025-11-22 15:00:00+00:00,AFC Bournemouth,West Ham United FC,2,2,DRAW,4
537896,12,2025-11-22 15:00:00+00:00,Brighton & Hove Albion FC,Brentford FC,2,1,HOME_TEAM,3
537899,12,2025-11-22 15:00:00+00:00,Fulham FC,Sunderland AFC,1,0,HOME_TEAM,1
537900,12,2025-11-22 15:00:00+00:00,Liverpool FC,Nottingham Forest FC,0,3,AWAY_TEAM,3
537904,12,2025-11-22 15:00:00+00:00,Wolverhampton Wanderers FC,Crystal Palace FC,0,2,AWAY_TEAM,2
537903,12,2025-11-22 17:30:00+00:00,Newcastle United FC,Manchester City FC,2,1,HOME_TEAM,3
537901,12,2025-11-23 14:00:00+00:00,Leeds United FC,Aston Villa FC,1,2,AWAY_TEAM,3
537897,12,2025-11-23 16:30:00+00:00,Arsenal FC,Tottenham Hotspur FC,4,1,HOME_TEAM,5
537902,12,2025-11-24 20:00:00+00:00,Manchester United FC,Everton FC,0,1,AWAY_TEAM,1
537905,13,2025-11-29 15:00:00+00:00,Sunderland AFC,AFC Bournemouth,3,2,HOME_TEAM,5
537908,13,2025-11-29 15:00:00+00:00,Brentford FC,Burnley FC,3,1,HOME_TEAM,4
537911,13,2025-11-29 15:00:00+00:00,Manchester City FC,Leeds United FC,3,2,HOME_TEAM,5
537910,13,2025-11-29 17:30:00+00:00,Everton FC,Newcastle United FC,1,4,AWAY_TEAM,5
537913,13,2025-11-29 20:00:00+00:00,Tottenham Hotspur FC,Fulham FC,1,2,AWAY_TEAM,3
537907,13,2025-11-30 12:00:00+00:00,Crystal Palace FC,Manchester United FC,1,2,AWAY_TEAM,3
537906,13,2025-11-30 14:05:00+00:00,Aston Villa FC,Wolverhampton Wanderers FC,1,0,HOME_TEAM,1
537912,13,2025-11-30 14:05:00+00:00,Nottingham Forest FC,Brighton & Hove Albion FC,0,2,AWAY_TEAM,2
537914,13,2025-11-30 14:05:00+00:00,West Ham United FC,Liverpool FC,0,2,AWAY_TEAM,2
537909,13,2025-11-30 16:30:00+00:00,Chelsea FC,Arsenal FC,1,1,DRAW,2
537915,14,2025-12-02 19:30:00+00:00,AFC Bournemouth,Everton FC,0,1,AWAY_TEAM,1
537919,14,2025-12-02 19:30:00+00:00,Fulham FC,Manchester City FC,4,5,AWAY_TEAM,9
537923,14,2025-12-02 20:15:00+00:00,Newcastle United FC,Tottenham Hotspur FC,2,2,DRAW,4
537916,14,2025-12-03 19:30:00+00:00,Brighton & Hove Albion FC,Aston Villa FC,3,4,AWAY_TEAM,7
537917,14,2025-12-03 19:30:00+00:00,Arsenal FC,Brentford FC,2,0,HOME_TEAM,2
537918,14,2025-12-03 19:30:00+00:00,Burnley FC,Crystal Palace FC,0,1,AWAY_TEAM,1
537924,14,2025-12-03 19:30:00+00:00,Wolverhampton Wanderers FC,Nottingham Forest FC,0,1,AWAY_TEAM,1
537920,14,2025-12-03 20:15:00+00:00,Liverpool FC,Sunderland AFC,1,1,DRAW,2
537921,14,2025-12-03 20:15:00+00:00,Leeds United FC,Chelsea FC,3,1,HOME_TEAM,4
537922,14,2025-12-04 20:00:00+00:00,Manchester United FC,West Ham United FC,1,1,DRAW,2
537926,15,2025-12-06 12:30:00+00:00,Aston Villa FC,Arsenal FC,2,1,HOME_TEAM,3
537925,15,2025-12-06 15:00:00+00:00,AFC Bournemouth,Chelsea FC,0,0,DRAW,0
537928,15,2025-12-06 15:00:00+00:00,Everton FC,Nottingham Forest FC,3,0,HOME_TEAM,3
537931,15,2025-12-06 15:00:00+00:00,Manchester City FC,Sunderland AFC,3,0,HOME_TEAM,3
537932,15,2025-12-06 15:00:00+00:00,Newcastle United FC,Burnley FC,2,1,HOME_TEAM,3
537933,15,2025-12-06 15:00:00+00:00,Tottenham Hotspur FC,Brentford FC,2,0,HOME_TEAM,2
537930,15,2025-12-06 17:30:00+00:00,Leeds United FC,Liverpool FC,3,3,DRAW,6
537927,15,2025-12-07 14:00:00+00:00,Brighton & Hove Albion FC,West Ham United FC,1,1,DRAW,2
537929,15,2025-12-07 16:30:00+00:00,Fulham FC,Crystal Palace FC,1,2,AWAY_TEAM,3
537934,15,2025-12-08 20:00:00+00:00,Wolverhampton Wanderers FC,Manchester United FC,1,4,AWAY_TEAM,5
537940,16,2025-12-13 15:00:00+00:00,Chelsea FC,Everton FC,2,0,HOME_TEAM,2
537941,16,2025-12-13 15:00:00+00:00,Liverpool FC,Brighton & Hove Albion FC,2,0,HOME_TEAM,2
537939,16,2025-12-13 17:30:00+00:00,Burnley FC,Fulham FC,2,3,AWAY_TEAM,5
537937,16,2025-12-13 20:00:00+00:00,Arsenal FC,Wolverhampton Wanderers FC,2,1,HOME_TEAM,3
537935,16,2025-12-14 14:00:00+00:00,Sunderland AFC,Newcastle United FC,1,0,HOME_TEAM,1
537936,16,2025-12-14 14:00:00+00:00,Crystal Palace FC,Manchester City FC,0,3,AWAY_TEAM,3
537943,16,2025-12-14 14:00:00+00:00,Nottingham Forest FC,Tottenham Hotspur FC,3,0,HOME_TEAM,3
537944,16,2025-12-14 14:00:00+00:00,West Ham United FC,Aston Villa FC,2,3,AWAY_TEAM,5
537938,16,2025-12-14 16:30:00+00:00,Brentford FC,Leeds United FC,1,1,DRAW,2
537942,16,2025-12-15 20:00:00+00:00,Manchester United FC,AFC Bournemouth,4,4,DRAW,8
537952,17,2025-12-20 12:30:00+00:00,Newcastle United FC,Chelsea FC,2,2,DRAW,4
537945,17,2025-12-20 15:00:00+00:00,AFC Bournemouth,Burnley FC,1,1,DRAW,2
537947,17,2025-12-20 15:00:00+00:00,Brighton & Hove Albion FC,Sunderland AFC,0,0,DRAW,0
537951,17,2025-12-20 15:00:00+00:00,Manchester City FC,West Ham United FC,3,0,HOME_TEAM,3
537954,17,2025-12-20 15:00:00+00:00,Wolverhampton Wanderers FC,Brentford FC,0,2,AWAY_TEAM,2
537953,17,2025-12-20 17:30:00+00:00,Tottenham Hotspur FC,Liverpool FC,1,2,AWAY_TEAM,3
537948,17,2025-12-20 20:00:00+00:00,Everton FC,Arsenal FC,0,1,AWAY_TEAM,1
537950,17,2025-12-20 20:00:00+00:00,Leeds United FC,Crystal Palace FC,4,1,HOME_TEAM,5
537946,17,2025-12-21 16:30:00+00:00,Aston Villa FC,Manchester United FC,2,1,HOME_TEAM,3
537949,17,2025-12-22 20:00:00+00:00,Fulham FC,Nottingham Forest FC,1,0,HOME_TEAM,1
537962,18,2025-12-26 20:00:00+00:00,Manchester United FC,Newcastle United FC,1,0,HOME_TEAM,1
537963,18,2025-12-27 12:30:00+00:00,Nottingham Forest FC,Manchester City FC,1,2,AWAY_TEAM,3
537957,18,2025-12-27 15:00:00+00:00,Arsenal FC,Brighton & Hove Albion FC,2,1,HOME_TEAM,3
537958,18,2025-12-27 15:00:00+00:00,Brentford FC,AFC Bournemouth,4,1,HOME_TEAM,5
537959,18,2025-12-27 15:00:00+00:00,Burnley FC,Everton FC,0,0,DRAW,0
537961,18,2025-12-27 15:00:00+00:00,Liverpool FC,Wolverhampton Wanderers FC,2,1,HOME_TEAM,3
537964,18,2025-12-27 15:00:00+00:00,West Ham United FC,Fulham FC,0,1,AWAY_TEAM,1
537960,18,2025-12-27 17:30:00+00:00,Chelsea FC,Aston Villa FC,1,2,AWAY_TEAM,3
537955,18,2025-12-28 14:00:00+00:00,Sunderland AFC,Leeds United FC,1,1,DRAW,2
537956,18,2025-12-28 16:30:00+00:00,Crystal Palace FC,Tottenham Hotspur FC,0,1,AWAY_TEAM,1
537969,19,2025-12-30 19:30:00+00:00,Burnley FC,Newcastle United FC,1,3,AWAY_TEAM,4
537970,19,2025-12-30 19:30:00+00:00,Chelsea FC,AFC Bournemouth,2,2,DRAW,4
537973,19,2025-12-30 19:30:00+00:00,Nottingham Forest FC,Everton FC,0,2,AWAY_TEAM,2
537974,19,2025-12-30 19:30:00+00:00,West Ham United FC,Brighton & Hove Albion FC,2,2,DRAW,4
537967,19,2025-12-30 20:15:00+00:00,Arsenal FC,Aston Villa FC,4,1,HOME_TEAM,5
537972,19,2025-12-30 20:15:00+00:00,Manchester United FC,Wolverhampton Wanderers FC,1,1,DRAW,2
537966,19,2026-01-01 17:30:00+00:00,Crystal Palace FC,Fulham FC,1,1,DRAW,2
537971,19,2026-01-01 17:30:00+00:00,Liverpool FC,Leeds United FC,0,0,DRAW,0
537965,19,2026-01-01 20:00:00+00:00,Sunderland AFC,Manchester City FC,0,0,DRAW,0
537968,19,2026-01-01 20:00:00+00:00,Brentford FC,Tottenham Hotspur FC,0,0,DRAW,0
537976,20,2026-01-03 12:30:00+00:00,Aston Villa FC,Nottingham Forest FC,3,1,HOME_TEAM,4
537977,20,2026-01-03 15:00:00+00:00,Brighton & Hove Albion FC,Burnley FC,2,0,HOME_TEAM,2
537984,20,2026-01-03 15:00:00+00:00,Wolverhampton Wanderers FC,West Ham United FC,3,0,HOME_TEAM,3
537975,20,2026-01-03 17:30:00+00:00,AFC Bournemouth,Arsenal FC,2,3,AWAY_TEAM,5
537980,20,2026-01-04 12:30:00+00:00,Leeds United FC,Manchester United FC,1,1,DRAW,2
537978,20,2026-01-04 15:00:00+00:00,Everton FC,Brentford FC,2,4,AWAY_TEAM,6
537982,20,2026-01-04 15:00:00+00:00,Newcastle United FC,Crystal Palace FC,2,0,HOME_TEAM,2
537983,20,2026-01-04 15:00:00+00:00,Tottenham Hotspur FC,Sunderland AFC,1,1,DRAW,2
537979,20,2026-01-04 15:15:00+00:00,Fulham FC,Liverpool FC,2,2,DRAW,4
537981,20,2026-01-04 17:30:00+00:00,Manchester City FC,Chelsea FC,1,1,DRAW,2
537994,21,2026-01-06 20:00:00+00:00,West Ham United FC,Nottingham Forest FC,1,2,AWAY_TEAM,3
537985,21,2026-01-07 19:30:00+00:00,AFC Bournemouth,Tottenham Hotspur FC,3,2,HOME_TEAM,5
537986,21,2026-01-07 19:30:00+00:00,Crystal Palace FC,Aston Villa FC,0,0,DRAW,0
537988,21,2026-01-07 19:30:00+00:00,Brentford FC,Sunderland AFC,3,0,HOME_TEAM,3
537990,21,2026-01-07 19:30:00+00:00,Everton FC,Wolverhampton Wanderers FC,1,1,DRAW,2
537991,21,2026-01-07 19:30:00+00:00,Fulham FC,Chelsea FC,2,1,HOME_TEAM,3
537992,21,2026-01-07 19:30:00+00:00,Manchester City FC,Brighton & Hove Albion FC,1,1,DRAW,2
537989,21,2026-01-07 20:15:00+00:00,Burnley FC,Manchester United FC,2,2,DRAW,4
537993,21,2026-01-07 20:15:00+00:00,Newcastle United FC,Leeds United FC,4,3,HOME_TEAM,7
537987,21,2026-01-08 20:00:00+00:00,Arsenal FC,Liverpool FC,0,0,DRAW,0
538001,22,2026-01-17 12:30:00+00:00,Manchester United FC,Manchester City FC,2,0,HOME_TEAM,2
537995,22,2026-01-17 15:00:00+00:00,Sunderland AFC,Crystal Palace FC,2,1,HOME_TEAM,3
537998,22,2026-01-17 15:00:00+00:00,Chelsea FC,Brentford FC,2,0,HOME_TEAM,2
537999,22,2026-01-17 15:00:00+00:00,Liverpool FC,Burnley FC,1,1,DRAW,2
538000,22,2026-01-17 15:00:00+00:00,Leeds United FC,Fulham FC,1,0,HOME_TEAM,1
538003,22,2026-01-17 15:00:00+00:00,Tottenham Hotspur FC,West Ham United FC,1,2,AWAY_TEAM,3
538002,22,2026-01-17 17:30:00+00:00,Nottingham Forest FC,Arsenal FC,0,0,DRAW,0
538004,22,2026-01-18 14:00:00+00:00,Wolverhampton Wanderers FC,Newcastle United FC,0,0,DRAW,0
537996,22,2026-01-18 16:30:00+00:00,Aston Villa FC,Everton FC,0,1,AWAY_TEAM,1
537997,22,2026-01-19 20:00:00+00:00,Brighton & Hove Albion FC,AFC Bournemouth,1,1,DRAW,2
538014,23,2026-01-24 12:30:00+00:00,West Ham United FC,Sunderland AFC,3,1,HOME_TEAM,4
538009,23,2026-01-24 15:00:00+00:00,Burnley FC,Tottenham Hotspur FC,2,2,DRAW,4
538011,23,2026-01-24 15:00:00+00:00,Fulham FC,Brighton & Hove Albion FC,2,1,HOME_TEAM,3
538012,23,2026-01-24 15:00:00+00:00,Manchester City FC,Wolverhampton Wanderers FC,2,0,HOME_TEAM,2
538005,23,2026-01-24 17:30:00+00:00,AFC Bournemouth,Liverpool FC,3,2,HOME_TEAM,5
538006,23,2026-01-25 14:00:00+00:00,Crystal Palace FC,Chelsea FC,1,3,AWAY_TEAM,4
538008,23,2026-01-25 14:00:00+00:00,Brentford FC,Nottingham Forest FC,0,2,AWAY_TEAM,2
538013,23,2026-01-25 14:00:00+00:00,Newcastle United FC,Aston Villa FC,0,2,AWAY_TEAM,2
538007,23,2026-01-25 16:30:00+00:00,Arsenal FC,Manchester United FC,2,3,AWAY_TEAM,5
538010,23,2026-01-26 20:00:00+00:00,Everton FC,Leeds United FC,1,1,DRAW,2
538017,24,2026-01-31 15:00:00+00:00,Brighton & Hove Albion FC,Everton FC,1,1,DRAW,2
538020,24,2026-01-31 15:00:00+00:00,Leeds United FC,Arsenal FC,0,4,AWAY_TEAM,4
538024,24,2026-01-31 15:00:00+00:00,Wolverhampton Wanderers FC,AFC Bournemouth,0,2,AWAY_TEAM,2
538018,24,2026-01-31 17:30:00+00:00,Chelsea FC,West Ham United FC,3,2,HOME_TEAM,5
538019,24,2026-01-31 20:00:00+00:00,Liverpool FC,Newcastle United FC,4,1,HOME_TEAM,5
538016,24,2026-02-01 14:00:00+00:00,Aston Villa FC,Brentford FC,0,1,AWAY_TEAM,1
538021,24,2026-02-01 14:00:00+00:00,Manchester United FC,Fulham FC,3,2,HOME_TEAM,5
538022,24,2026-02-01 14:00:00+00:00,Nottingham Forest FC,Crystal Palace FC,1,1,DRAW,2
538023,24,2026-02-01 16:30:00+00:00,Tottenham Hotspur FC,Manchester City FC,2,2,DRAW,4
538015,24,2026-02-02 20:00:00+00:00,Sunderland AFC,Burnley FC,3,0,HOME_TEAM,3
538031,25,2026-02-06 20:00:00+00:00,Leeds United FC,Nottingham Forest FC,3,1,HOME_TEAM,4
538032,25,2026-02-07 12:30:00+00:00,Manchester United FC,Tottenham Hotspur FC,2,0,HOME_TEAM,2
538025,25,2026-02-07 15:00:00+00:00,AFC Bournemouth,Aston Villa FC,1,1,DRAW,2
538027,25,2026-02-07 15:00:00+00:00,Arsenal FC,Sunderland AFC,3,0,HOME_TEAM,3
538028,25,2026-02-07 15:00:00+00:00,Burnley FC,West Ham United FC,0,2,AWAY_TEAM,2
538029,25,2026-02-07 15:00:00+00:00,Fulham FC,Everton FC,1,2,AWAY_TEAM,3
538034,25,2026-02-07 15:00:00+00:00,Wolverhampton Wanderers FC,Chelsea FC,1,3,AWAY_TEAM,4
538033,25,2026-02-07 17:30:00+00:00,Newcastle United FC,Brentford FC,2,3,AWAY_TEAM,5
538026,25,2026-02-08 14:00:00+00:00,Brighton & Hove Albion FC,Crystal Palace FC,0,1,AWAY_TEAM,1
538030,25,2026-02-08 16:30:00+00:00,Liverpool FC,Manchester City FC,1,2,AWAY_TEAM,3
538039,26,2026-02-10 19:30:00+00:00,Chelsea FC,Leeds United FC,2,2,DRAW,4
538040,26,2026-02-10 19:30:00+00:00,Everton FC,AFC Bournemouth,1,2,AWAY_TEAM,3
538043,26,2026-02-10 19:30:00+00:00,Tottenham Hotspur FC,Newcastle United FC,1,2,AWAY_TEAM,3
538044,26,2026-02-10 20:15:00+00:00,West Ham United FC,Manchester United FC,1,1,DRAW,2
538036,26,2026-02-11 19:30:00+00:00,Aston Villa FC,Brighton & Hove Albion FC,1,0,HOME_TEAM,1
538041,26,2026-02-11 19:30:00+00:00,Manchester City FC,Fulham FC,3,0,HOME_TEAM,3
538042,26,2026-02-11 19:30:00+00:00,Nottingham Forest FC,Wolverhampton Wanderers FC,0,0,DRAW,0
538037,26,2026-02-11 19:40:00+00:00,Crystal Palace FC,Burnley FC,2,3,AWAY_TEAM,5
538035,26,2026-02-11 20:15:00+00:00,Sunderland AFC,Liverpool FC,0,1,AWAY_TEAM,1
538038,26,2026-02-12 20:00:00+00:00,Brentford FC,Arsenal FC,1,1,DRAW,2
538094,31,2026-02-18 20:00:00+00:00,Wolverhampton Wanderers FC,Arsenal FC,2,2,DRAW,4
538046,27,2026-02-21 15:00:00+00:00,Aston Villa FC,Leeds United FC,1,1,DRAW,2
538048,27,2026-02-21 15:00:00+00:00,Brentford FC,Brighton & Hove Albion FC,0,2,AWAY_TEAM,2
538049,27,2026-02-21 15:00:00+00:00,Chelsea FC,Burnley FC,1,1,DRAW,2
538054,27,2026-02-21 17:30:00+00:00,West Ham United FC,AFC Bournemouth,0,0,DRAW,0
538051,27,2026-02-21 20:00:00+00:00,Manchester City FC,Newcastle United FC,2,1,HOME_TEAM,3
538045,27,2026-02-22 14:00:00+00:00,Sunderland AFC,Fulham FC,1,3,AWAY_TEAM,4
538047,27,2026-02-22 14:00:00+00:00,Crystal Palace FC,Wolverhampton Wanderers FC,1,0,HOME_TEAM,1
538052,27,2026-02-22 14:00:00+00:00,Nottingham Forest FC,Liverpool FC,0,1,AWAY_TEAM,1
538053,27,2026-02-22 16:30:00+00:00,Tottenham Hotspur FC,Arsenal FC,1,4,AWAY_TEAM,5
538050,27,2026-02-23 20:00:00+00:00,Everton FC,Manchester United FC,0,1,AWAY_TEAM,1
538064,28,2026-02-27 20:00:00+00:00,Wolverhampton Wanderers FC,Aston Villa FC,2,0,HOME_TEAM,2
538055,28,2026-02-28 12:30:00+00:00,AFC Bournemouth,Sunderland AFC,1,1,DRAW,2
538058,28,2026-02-28 15:00:00+00:00,Burnley FC,Brentford FC,3,4,AWAY_TEAM,7
538060,28,2026-02-28 15:00:00+00:00,Liverpool FC,West Ham United FC,5,2,HOME_TEAM,7
538063,28,2026-02-28 15:00:00+00:00,Newcastle United FC,Everton FC,2,3,AWAY_TEAM,5
538061,28,2026-02-28 17:30:00+00:00,Leeds United FC,Manchester City FC,0,1,AWAY_TEAM,1
538056,28,2026-03-01 14:00:00+00:00,Brighton & Hove Albion FC,Nottingham Forest FC,2,1,HOME_TEAM,3
538059,28,2026-03-01 14:00:00+00:00,Fulham FC,Tottenham Hotspur FC,2,1,HOME_TEAM,3
538062,28,2026-03-01 14:00:00+00:00,Manchester United FC,Crystal Palace FC,2,1,HOME_TEAM,3
538057,28,2026-03-01 16:30:00+00:00,Arsenal FC,Chelsea FC,2,1,HOME_TEAM,3
538065,29,2026-03-03 19:30:00+00:00,AFC Bournemouth,Brentford FC,0,0,DRAW,0
538068,29,2026-03-03 19:30:00+00:00,Everton FC,Burnley FC,2,0,HOME_TEAM,2
538070,29,2026-03-03 19:30:00+00:00,Leeds United FC,Sunderland AFC,0,1,AWAY_TEAM,1
538074,29,2026-03-03 20:15:00+00:00,Wolverhampton Wanderers FC,Liverpool FC,2,1,HOME_TEAM,3
538066,29,2026-03-04 19:30:00+00:00,Aston Villa FC,Chelsea FC,1,4,AWAY_TEAM,5
538067,29,2026-03-04 19:30:00+00:00,Brighton & Hove Albion FC,Arsenal FC,0,1,AWAY_TEAM,1
538069,29,2026-03-04 19:30:00+00:00,Fulham FC,West Ham United FC,0,1,AWAY_TEAM,1
538071,29,2026-03-04 19:30:00+00:00,Manchester City FC,Nottingham Forest FC,2,2,DRAW,4
538072,29,2026-03-04 20:15:00+00:00,Newcastle United FC,Manchester United FC,2,1,HOME_TEAM,3
538073,29,2026-03-05 20:00:00+00:00,Tottenham Hotspur FC,Crystal Palace FC,1,3,AWAY_TEAM,4
538075,30,2026-03-14 15:00:00+00:00,Sunderland AFC,Brighton & Hove Albion FC,0,1,AWAY_TEAM,1
538079,30,2026-03-14 15:00:00+00:00,Burnley FC,AFC Bournemouth,0,0,DRAW,0
538077,30,2026-03-14 17:30:00+00:00,Arsenal FC,Everton FC,2,0,HOME_TEAM,2
538080,30,2026-03-14 17:30:00+00:00,Chelsea FC,Newcastle United FC,0,1,AWAY_TEAM,1
538084,30,2026-03-14 20:00:00+00:00,West Ham United FC,Manchester City FC,1,1,DRAW,2
538076,30,2026-03-15 14:00:00+00:00,Crystal Palace FC,Leeds United FC,0,0,DRAW,0
538082,30,2026-03-15 14:00:00+00:00,Manchester United FC,Aston Villa FC,3,1,HOME_TEAM,4
538083,30,2026-03-15 14:00:00+00:00,Nottingham Forest FC,Fulham FC,0,0,DRAW,0
538081,30,2026-03-15 16:30:00+00:00,Liverpool FC,Tottenham Hotspur FC,1,1,DRAW,2
538078,30,2026-03-16 20:00:00+00:00,Brentford FC,Wolverhampton Wanderers FC,2,2,DRAW,4
538085,31,2026-03-20 20:00:00+00:00,AFC Bournemouth,Manchester United FC,2,2,DRAW,4
538087,31,2026-03-21 12:45:00+00:00,Brighton & Hove Albion FC,Liverpool FC,2,1,HOME_TEAM,3
538089,31,2026-03-21 15:00:00+00:00,Fulham FC,Burnley FC,3,1,HOME_TEAM,4
538088,31,2026-03-21 17:30:00+00:00,Everton FC,Chelsea FC,3,0,HOME_TEAM,3
538090,31,2026-03-21 20:00:00+00:00,Leeds United FC,Brentford FC,0,0,DRAW,0
538092,31,2026-03-22 12:00:00+00:00,Newcastle United FC,Sunderland AFC,1,2,AWAY_TEAM,3
538086,31,2026-03-22 14:15:00+00:00,Aston Villa FC,West Ham United FC,2,0,HOME_TEAM,2
538093,31,2026-03-22 14:15:00+00:00,Tottenham Hotspur FC,Nottingham Forest FC,0,3,AWAY_TEAM,3
538104,32,2026-04-10 19:00:00+00:00,West Ham United FC,Wolverhampton Wanderers FC,4,0,HOME_TEAM,4
538097,32,2026-04-11 11:30:00+00:00,Arsenal FC,AFC Bournemouth,1,2,AWAY_TEAM,3
538098,32,2026-04-11 14:00:00+00:00,Brentford FC,Everton FC,2,2,DRAW,4
538099,32,2026-04-11 14:00:00+00:00,Burnley FC,Brighton & Hove Albion FC,0,2,AWAY_TEAM,2
538101,32,2026-04-11 16:30:00+00:00,Liverpool FC,Fulham FC,2,0,HOME_TEAM,2
538095,32,2026-04-12 13:00:00+00:00,Sunderland AFC,Tottenham Hotspur FC,1,0,HOME_TEAM,1
538096,32,2026-04-12 13:00:00+00:00,Crystal Palace FC,Newcastle United FC,2,1,HOME_TEAM,3
538103,32,2026-04-12 13:00:00+00:00,Nottingham Forest FC,Aston Villa FC,1,1,DRAW,2
538100,32,2026-04-12 15:30:00+00:00,Chelsea FC,Manchester City FC,0,3,AWAY_TEAM,3
538102,32,2026-04-13 19:00:00+00:00,Manchester United FC,Leeds United FC,1,2,AWAY_TEAM,3
538107,33,2026-04-18 11:30:00+00:00,Brentford FC,Fulham FC,0,0,DRAW,0
538112,33,2026-04-18 14:00:00+00:00,Newcastle United FC,AFC Bournemouth,1,2,AWAY_TEAM,3
538110,33,2026-04-18 14:00:00+00:00,Leeds United FC,Wolverhampton Wanderers FC,3,0,HOME_TEAM,3
538114,33,2026-04-18 16:30:00+00:00,Tottenham Hotspur FC,Brighton & Hove Albion FC,2,2,DRAW,4
538108,33,2026-04-18 19:00:00+00:00,Chelsea FC,Manchester United FC,0,1,AWAY_TEAM,1
538113,33,2026-04-19 13:00:00+00:00,Nottingham Forest FC,Burnley FC,4,1,HOME_TEAM,5
538105,33,2026-04-19 13:00:00+00:00,Aston Villa FC,Sunderland AFC,4,3,HOME_TEAM,7
538109,33,2026-04-19 13:00:00+00:00,Everton FC,Liverpool FC,1,2,AWAY_TEAM,3
538111,33,2026-04-19 15:30:00+00:00,Manchester City FC,Arsenal FC,2,1,HOME_TEAM,3
538106,33,2026-04-20 19:00:00+00:00,Crystal Palace FC,West Ham United FC,0,0,DRAW,0
538117,34,2026-04-21 19:00:00+00:00,Brighton & Hove Albion FC,Chelsea FC,3,0,HOME_TEAM,3
538115,34,2026-04-22 19:00:00+00:00,AFC Bournemouth,Leeds United FC,2,2,DRAW,4
538119,34,2026-04-22 19:00:00+00:00,Burnley FC,Manchester City FC,0,1,AWAY_TEAM,1
538116,34,2026-04-24 19:00:00+00:00,Sunderland AFC,Nottingham Forest FC,0,5,AWAY_TEAM,5
538120,34,2026-04-25 11:30:00+00:00,Fulham FC,Aston Villa FC,1,0,HOME_TEAM,1
538121,34,2026-04-25 14:00:00+00:00,Liverpool FC,Crystal Palace FC,3,1,HOME_TEAM,4
538123,34,2026-04-25 14:00:00+00:00,West Ham United FC,Everton FC,2,1,HOME_TEAM,3
538124,34,2026-04-25 14:00:00+00:00,Wolverhampton Wanderers FC,Tottenham Hotspur FC,0,1,AWAY_TEAM,1
538118,34,2026-04-25 16:30:00+00:00,Arsenal FC,Newcastle United FC,1,0,HOME_TEAM,1
538122,34,2026-04-27 19:00:00+00:00,Manchester United FC,Brentford FC,2,1,HOME_TEAM,3
538131,35,2026-05-01 19:00:00+00:00,Leeds United FC,Burnley FC,3,1,HOME_TEAM,4
538128,35,2026-05-02 14:00:00+00:00,Brentford FC,West Ham United FC,3,0,HOME_TEAM,3
538133,35,2026-05-02 14:00:00+00:00,Newcastle United FC,Brighton & Hove Albion FC,3,1,HOME_TEAM,4
538134,35,2026-05-02 14:00:00+00:00,Wolverhampton Wanderers FC,Sunderland AFC,1,1,DRAW,2
538127,35,2026-05-02 16:30:00+00:00,Arsenal FC,Fulham FC,3,0,HOME_TEAM,3
538125,35,2026-05-03 13:00:00+00:00,AFC Bournemouth,Crystal Palace FC,3,0,HOME_TEAM,3
538132,35,2026-05-03 14:30:00+00:00,Manchester United FC,Liverpool FC,3,2,HOME_TEAM,5
538126,35,2026-05-03 18:00:00+00:00,Aston Villa FC,Tottenham Hotspur FC,1,2,AWAY_TEAM,3
538129,35,2026-05-04 14:00:00+00:00,Chelsea FC,Nottingham Forest FC,1,3,AWAY_TEAM,4
538130,35,2026-05-04 19:00:00+00:00,Everton FC,Manchester City FC,3,3,DRAW,6
538140,36,2026-05-09 11:30:00+00:00,Liverpool FC,Chelsea FC,1,1,DRAW,2
538135,36,2026-05-09 14:00:00+00:00,Sunderland AFC,Manchester United FC,0,0,DRAW,0
538136,36,2026-05-09 14:00:00+00:00,Brighton & Hove Albion FC,Wolverhampton Wanderers FC,3,0,HOME_TEAM,3
538139,36,2026-05-09 14:00:00+00:00,Fulham FC,AFC Bournemouth,0,1,AWAY_TEAM,1
538141,36,2026-05-09 16:30:00+00:00,Manchester City FC,Brentford FC,3,0,HOME_TEAM,3
538137,36,2026-05-10 13:00:00+00:00,Crystal Palace FC,Everton FC,2,2,DRAW,4
538138,36,2026-05-10 13:00:00+00:00,Burnley FC,Aston Villa FC,2,2,DRAW,4
538142,36,2026-05-10 13:00:00+00:00,Nottingham Forest FC,Newcastle United FC,1,1,DRAW,2
538144,36,2026-05-10 15:30:00+00:00,West Ham United FC,Arsenal FC,0,1,AWAY_TEAM,1
538143,36,2026-05-11 19:00:00+00:00,Tottenham Hotspur FC,Leeds United FC,1,1,DRAW,2
538091,31,2026-05-13 19:00:00+00:00,Manchester City FC,Crystal Palace FC,3,0,HOME_TEAM,3
538146,37,2026-05-15 19:00:00+00:00,Aston Villa FC,Liverpool FC,4,2,HOME_TEAM,6
538152,37,2026-05-17 11:30:00+00:00,Manchester United FC,Nottingham Forest FC,3,2,HOME_TEAM,5
538148,37,2026-05-17 14:00:00+00:00,Brentford FC,Crystal Palace FC,2,2,DRAW,4
538150,37,2026-05-17 14:00:00+00:00,Everton FC,Sunderland AFC,1,3,AWAY_TEAM,4
538151,37,2026-05-17 14:00:00+00:00,Leeds United FC,Brighton & Hove Albion FC,1,0,HOME_TEAM,1
538154,37,2026-05-17 14:00:00+00:00,Wolverhampton Wanderers FC,Fulham FC,1,1,DRAW,2
538153,37,2026-05-17 16:30:00+00:00,Newcastle United FC,West Ham United FC,3,1,HOME_TEAM,4
538147,37,2026-05-18 19:00:00+00:00,Arsenal FC,Burnley FC,1,0,HOME_TEAM,1
538145,37,2026-05-19 18:30:00+00:00,AFC Bournemouth,Manchester City FC,1,1,DRAW,2
538149,37,2026-05-19 19:15:00+00:00,Chelsea FC,Tottenham Hotspur FC,2,1,HOME_TEAM,3
538155,38,2026-05-24 15:00:00+00:00,Sunderland AFC,Chelsea FC,2,1,HOME_TEAM,3
538156,38,2026-05-24 15:00:00+00:00,Brighton & Hove Albion FC,Manchester United FC,0,3,AWAY_TEAM,3
538157,38,2026-05-24 15:00:00+00:00,Crystal Palace FC,Arsenal FC,1,2,AWAY_TEAM,3
538158,38,2026-05-24 15:00:00+00:00,Burnley FC,Wolverhampton Wanderers FC,1,1,DRAW,2
538159,38,2026-05-24 15:00:00+00:00,Fulham FC,Newcastle United FC,2,0,HOME_TEAM,2
538160,38,2026-05-24 15:00:00+00:00,Liverpool FC,Brentford FC,1,1,DRAW,2
538161,38,2026-05-24 15:00:00+00:00,Manchester City FC,Aston Villa FC,1,2,AWAY_TEAM,3
538162,38,2026-05-24 15:00:00+00:00,Nottingham Forest FC,AFC Bournemouth,1,1,DRAW,2
538163,38,2026-05-24 15:00:00+00:00,Tottenham Hotspur FC,Everton FC,1,0,HOME_TEAM,1
538164,38,2026-05-24 15:00:00+00:00,West Ham United FC,Leeds United FC,3,0,HOME_TEAM,3
